{
  "N": 8192,
  "lamb": [0.00001, 0.000001, 0.0000001, 0.00000001, 0.000000001],
  "m": [1],
  "n_start": 8092,
  "n_end": 8192,
  "n_step": 10,
  "meows": [1]
}