{
  "N": 65536,
  "lamb": [0.00001, 0.000001, 0.0000001, 0.00000001, 0.000000001],
  "m": [1],
  "n_start": 65527,
  "n_end": 65536,
  "n_step": 1,
  "meows": [1]
}